,cityName,extraPrice,price,latitude,longitude,numberOfRooms,street,surfaceLiving,zip,pricePerRoom,pricePerSqm,price_dev,Food,Shop & Service,Travel & Transport,Outdoors & Recreation,Arts & Entertainment,Nightlife Spot,Professional & Other Places,Residence
6065071,Genève,350.0,2550,46.19363,6.16698,4.0,Rue Le Corbusier 18,85,1208,637.5,30.0,-0.1715154214,7,3,3,0,0,0,0,0
6046525,Genève,200.0,4200,46.19646,6.1609,5.5,Route de Malagnou 40E,110,1208,763.6363636364,38.1818181818,0.10509405250000001,22,7,3,2,1,1,0,0
6063101,Genève,170.0,2810,46.20429,6.15891,4.0,Rue du 31-Décembre 16,60,1207,702.5,46.8333333333,0.21134388980000002,29,3,1,2,1,6,0,0
6054808,Genève,250.0,4750,46.19523,6.15391,7.0,Rue Marignac,165,1206,678.5714285714,28.7878787879,-0.1484914568,21,3,3,1,2,1,0,0
6037279,Le Lignon,200.0,2700,46.20313,6.09613,6.0,Avenue du Lignon,107,1219,450.0,25.2336448598,-0.35779855580000003,3,1,0,1,0,0,0,0
5937875,Genève,,1150,46.21665,6.13672,1.0,,18,1202,1150.0,63.8888888889,0.1996179395,6,0,5,2,0,1,0,0
6063148,Genève,60.0,1153,46.21294,6.1492,1.0,Rue de Bâle 16,23,1201,1153.0,50.1304347826,0.0679206413,27,1,9,6,1,6,1,0
6075443,Genève,,1220,46.20976,6.14364,1.0,,30,1201,1220.0,40.6666666667,-0.0578974458,56,5,16,5,2,12,1,0
6075444,Genève,,1220,46.20976,6.14364,1.0,,30,1201,1220.0,40.6666666667,-0.0578974458,56,5,16,5,2,12,1,0
6035000,Genève,100.0,1250,46.20062,6.16744,2.5,Rue de Savoie 7,31,1207,500.0,40.3225806452,-0.0571876081,4,2,1,1,1,0,0,0
6063144,Genève,140.0,1271,46.21294,6.1492,1.0,Rue de Bâle 16,23,1201,1271.0,55.2608695652,0.154455153,27,1,9,6,1,6,1,0
6074888,Châtelaine,180.0,1280,46.20989,6.1107,2.0,Rue Jean-Simonet 18 bis,34,1219,640.0,37.6470588235,-0.1047135849,4,2,1,1,1,0,0,0
5304031,Chambésy,,1300,46.24335,6.14055,1.0,,42,1292,1300.0,30.9523809524,-0.2775618448,4,0,1,0,0,0,0,0
6026904,Genève,,1300,46.19589,6.14108,2.0,,40,1205,650.0,32.5,-0.2301008814,47,3,2,3,7,13,1,0
6071130,Genève,80.0,1300,46.18893,6.14599,2.0,Avenue de la Croisette,31,1205,650.0,41.935483871,-0.016526546200000002,10,2,3,1,0,2,0,0
5937840,Le Grand-Saconnex,,1319,46.2308,6.12005,2.0,,42,1218,659.5,31.4047619048,-0.2591587553,4,2,4,1,0,0,0,0
4939535,Genève,200.0,1350,46.21024,6.14758,2.0,Rue Alfred-Vincent 23,31,1201,675.0,43.5483870968,0.0211225851,42,4,14,6,1,8,1,0
6025167,Genève,,1350,46.20976,6.14364,1.0,,31,1201,1350.0,43.5483870968,0.0211225851,56,5,16,5,2,12,1,0
6063145,Le Grand-Saconnex,150.0,1350,46.23656,6.12513,2.0,L'Ancienne-Route 77A,32,1218,675.0,42.1875,-0.0017289898,10,2,6,1,0,1,0,0
6064657,Genève,190.0,1380,46.20296,6.16153,1.5,Rue du Nant 23,29,1207,920.0,47.5862068966,0.0871121321,26,1,2,1,2,4,0,0
5906339,Genève,170.0,1390,46.20679,6.13119,1.0,Rue de la Dôle 4,31,1203,1390.0,44.8387096774,0.0492917194,18,4,1,4,6,3,0,0
6043504,Genève,,1400,46.19589,6.14108,2.0,,40,1205,700.0,35.0,-0.1422365327,47,3,2,3,7,13,1,0
6076432,Le Lignon,300.0,1400,46.20588,6.10808,2.5,Route de l'Usine-à-Gaz 2 -4,37,1219,560.0,37.8378378378,-0.0761301909,1,0,2,1,0,0,0,0
5888152,Genève,,1420,46.21087,6.14594,1.0,Rue de Neuchâtel 16,28,1200,1420.0,50.7142857143,0.1345523722,45,4,14,6,1,9,1,0
6048923,Cointrin,100.0,1450,46.22581,6.10666,2.0,Avenue Louis-Casaï 80,28,1216,725.0,51.7857142857,0.1524581852,14,2,5,1,0,1,0,0
6063146,Genève,170.0,1475,46.21294,6.1492,2.0,Rue de Bâle 16,31,1201,737.5,47.5806451613,0.10407829830000001,27,1,9,6,1,6,1,0
5886261,Genève,80.0,1480,46.21103,6.14864,2.0,rue de Zürich 0,27,1201,740.0,54.8148148148,0.19048242880000002,35,3,13,6,1,6,1,0
6043448,Genève,130.0,1490,46.20539,6.16129,1.0,"Avenue de la Grenade 20, Rue de l'Avenir 7/9",30,1207,1490.0,49.6666666667,0.13380209140000002,45,1,3,7,3,6,0,0
6034647,Petit-Lancy,250.0,1500,46.19265,6.12192,2.0,Route de Chancy 14,43,1213,750.0,34.8837209302,-0.1277866829,4,2,3,0,0,0,0,0
6074716,Genève,170.0,1520,46.22012,6.1294,2.5,Rue de Moillebeau 36,48,1209,608.0,31.6666666667,-0.214426418,7,0,1,5,0,0,0,0
6036553,Vernier,,1545,46.21355,6.08089,2.5,,43,1214,618.0,35.9302325581,-0.0949385271,1,3,0,0,0,0,0,0
6049035,Cointrin,,1550,46.22581,6.10666,1.5,Avenue Louis-Casai 80,28,1216,1033.3333333333,55.3571428571,0.20713830230000002,14,2,5,1,0,1,0,0
6050883,Genève,,1550,46.19429,6.14703,1.0,Rue Goetz-Monin 24,24,1205,1550.0,64.5833333333,0.2867502408,27,3,1,0,4,3,1,0
5646768,Genève,150.0,1600,46.2121,6.14521,1.0,Rue de Zürich 45,23,1202,1600.0,69.5652173913,0.3283203122,34,3,11,4,1,6,1,0
6034623,Genève,200.0,1600,46.18906,6.15936,2.0,Chemin des Clochettes 20,48,1206,800.0,33.3333333333,-0.1537050971,0,3,2,2,2,0,0,0
6051864,Carouge GE,100.0,1600,46.18318,6.14157,2.0,rue Ancienne 0,37,1227,800.0,43.2432432432,0.058386083000000005,27,5,3,3,3,5,0,0
6064722,Genève,,1600,46.21517,6.1487,1.5,Rue Rothschild 32,25,1202,1066.6666666667,64.0,0.2897582794,17,1,4,3,1,3,0,0
6076431,Genève,80.0,1630,46.21385,6.13119,2.0,Rue des Asters 8,47,1202,815.0,34.6808510638,-0.11354510990000001,9,4,3,2,0,1,0,0
6064656,Genève,170.0,1640,46.21585,6.13674,1.0,Rue du Vidollet 17,43,1202,1640.0,38.1395348837,-0.03151221,5,0,4,3,0,1,0,0
6069510,Genève,,1650,46.19057,6.14544,1.5,Boulevard de la Cluse 35,24,1205,1100.0,68.75,0.329977499,10,1,1,0,3,0,0,0
6054922,Genève,,1663,46.21665,6.13672,4.5,,75,1202,369.5555555556,22.1733333333,-0.61086474,6,0,5,2,0,1,0,0
6059638,Genève,,1663,46.212,6.13507,4.5,Rue Jean-Robert-Chouet 9,75,1202,369.5555555556,22.1733333333,-0.61086474,14,4,3,5,1,4,0,0
6074655,Genève,200.0,1670,46.19481,6.15525,2.5,Avenue Léon-Gaud 14,50,1206,668.0,33.4,-0.1422918609,16,4,3,2,1,1,0,0
6040596,Genève,120.0,1690,46.21104,6.14585,3.0,rue de Neuchâtel,33,1201,563.3333333333,51.2121212121,0.18154806950000002,44,4,14,6,1,8,1,0
6040676,Chêne-Bougeries,,1690,46.19738,6.19114,2.0,Chemin du Pont-de-Ville 9,40,1224,845.0,42.25,0.0537685528,8,3,2,1,0,1,0,0
5967101,Genève,100.0,1700,46.1915,6.1639,1.5,Route de Florissant 86C,30,1206,1133.3333333333,56.6666666667,0.2408030095,6,3,1,1,0,0,0,0
6064792,Cointrin,100.0,1700,46.22581,6.10666,2.5,Avenue Louis-Casaï 80,62,1216,680.0,27.4193548387,-0.3398958365,14,2,5,1,0,1,0,0
6069404,Genève,50.0,1700,46.19924,6.14934,2.0,rue Étienne-Dumont 18,25,1204,850.0,68.0,0.3315372042,37,11,0,7,1,4,1,0
5946910,Genève,120.0,1720,46.20477,6.13137,2.5,Rue du Belvédère,43,1203,688.0,40.0,0.0164651021,13,3,0,2,4,0,0,0
6071275,Genève,180.0,1730,46.20717,6.12309,4.0,Avenue d'Aïre 47,52,1203,432.5,33.2692307692,-0.1383391099,7,7,1,2,1,0,0,0
6012855,Genève,90.0,1740,46.2088,6.12668,2.0,Avenue Wendt 3,32,1203,870.0,54.375,0.2227964734,15,6,0,3,0,0,0,0
6012856,Genève,90.0,1740,46.20896,6.12669,2.0,Avenue Wendt 5,32,1203,870.0,54.375,0.2227964734,13,6,0,3,0,0,0,0
6048432,Genève,,1750,46.20976,6.14364,1.0,,30,1200,1750.0,58.3333333333,0.2624943521,56,5,16,5,2,12,1,0
5945584,Vernier,,1770,46.21355,6.08089,3.0,,54,1214,590.0,32.7777777778,-0.14747226700000002,1,3,0,0,0,0,0,0
6008794,Le Grand-Saconnex,,1780,46.2308,6.12005,3.5,,70,1218,508.5714285714,25.4285714286,-0.4183258043,4,2,4,1,0,0,0,0
6078723,Genève,,1785,46.21194,6.13341,3.0,Av. Wendt / Servette,55,1202,595.0,32.4545454545,-0.1551123466,14,4,3,3,0,3,0,0
6048698,Chêne-Bourg,140.0,1790,46.19279,6.19537,3.0,Avenue Petit-Senn,55,1225,596.6666666667,32.5454545455,-0.1518857758,8,7,2,2,1,1,0,0
5654399,Genève,220.0,1797,46.21294,6.1492,3.0,Rue de Bâle 16,43,1201,599.0,41.7906976744,0.058608778900000005,27,1,9,6,1,6,1,0
4573256,Genève,,1800,46.20199,6.14563,1.5,Grand Rue 19,30,1204,1200.0,60.0,0.2829806201,41,16,3,11,3,11,1,0
6066228,Genève,100.0,1800,46.20819,6.12309,2.0,,49,1203,900.0,36.7346938776,-0.0426543231,11,8,1,2,1,0,0,0
6061227,Grand-Lancy,125.0,1805,46.17512,6.1213,4.0,Chemin des Palettes 9,67,1212,451.25,26.9402985075,-0.3474077856,2,4,1,0,0,0,0,0
6000744,Genève,160.0,1810,46.20516,6.12585,3.0,Rue du Beulet 6,46,1203,603.3333333333,39.347826087,0.0142381752,12,8,1,3,1,0,0,0
5934510,Onex,,1820,46.18357,6.1023,3.0,,58,1213,606.6666666667,31.3793103448,-0.1837496798,7,4,2,1,0,0,0,0
6072436,Genève,70.0,1820,46.21686,6.14893,2.0,PARC CHATEAU-BANQUET 8,50,1202,910.0,36.4,-0.0481469273,25,3,9,7,1,6,0,0
6056533,Carouge GE,80.0,1830,46.18201,6.14118,2.0,RUE ANCIENNE 27,45,1227,915.0,40.6666666667,0.0418692477,25,4,2,3,3,5,0,0
5967653,Chêne-Bourg,150.0,1850,46.19511,6.19729,3.5,Rue de Peillonnex,53,1225,528.5714285714,34.9056603774,-0.08117637100000001,11,10,4,2,0,1,0,0
6008328,Genève,,1850,46.20819,6.12309,2.5,,45,1203,740.0,41.1111111111,0.052227418000000005,11,8,1,2,1,0,0,0
6070428,Genève,120.0,1850,46.21103,6.14863,3.0,rue de Zürich 0,42,1201,616.6666666667,44.0476190476,0.10225383880000001,35,3,13,6,1,6,1,0
6052566,Genève,150.0,1860,46.194,6.14532,3.0,Rue Jean-Violette 4 A,63,1205,620.0,29.5238095238,-0.24122180010000002,28,2,1,1,4,4,1,0
6078859,Genève,180.0,1860,46.21155,6.13017,4.0,Rue Faller 11,72,1202,465.0,25.8333333333,-0.39049418490000004,15,7,3,2,2,1,0,0
6021225,Genève,170.0,1890,46.21345,6.15115,2.5,Rue Jean-Jaquet 18,50,1201,756.0,37.8,-0.0093266708,21,1,6,5,1,5,0,0
5855946,Genève,110.0,1910,46.21413,6.14581,2.0,RUE DE LAUSANNE 49,45,1201,955.0,42.4444444444,0.0820003787,28,1,8,2,1,4,0,0
5937833,Genève,,1930,46.21665,6.13672,3.5,,69,1202,551.4285714286,27.9710144928,-0.2921089665,6,0,5,2,0,1,0,0
6006646,Genève,130.0,1930,46.19498,6.15967,2.5,Rue Crespin 18,47,1206,772.0,41.0638297872,0.0595448035,13,4,1,1,1,0,0,0
5573511,Genève,325.0,1970,46.21219,6.13229,4.5,"Rue de la Servette 73, 75",73,1202,437.7777777778,26.9863013699,-0.3285120864,12,4,3,3,0,1,0,0
5920093,Genève,,1980,46.20976,6.14364,4.0,,70,1201,495.0,28.2857142857,-0.2750605715,56,5,16,5,2,12,1,0
5993092,Genève,200.0,1990,46.19733,6.16363,3.5,Avenue Théodore-Weber 34,57,1208,568.5714285714,34.9122807018,-0.0671230106,16,4,5,2,2,0,0,0
6013325,Genève,180.0,2030,46.21345,6.15115,2.5,Rue Jean-Jaquet 18,47,1201,812.0,43.1914893617,0.1058726457,21,1,6,5,1,5,0,0
6053132,Genève,130.0,2050,46.21424,6.15041,3.0,Rue Rothschild 11,54,1202,683.3333333333,37.962962963,0.0092556524,19,1,5,3,1,4,0,0
6063147,Genève,200.0,2050,46.20116,6.13582,4.0,Rue du Village-Suisse 4,60,1205,512.5,34.1666666667,-0.08103593640000001,34,3,1,2,8,14,0,0
6071349,Genève,,2050,46.19155,6.15629,2.0,sur demande,35,1206,1025.0,58.5714285714,0.2951790171,8,4,3,2,0,0,0,0
6072856,Petit-Lancy,160.0,2060,46.18891,6.11173,4.0,Avenue des Morgines 13,78,1213,515.0,26.4102564103,-0.3453480297,8,4,1,2,0,0,0,0
6053633,Genève,85.0,2065,46.20494,6.13154,2.0,Rue du Belvédère 8,35,1201,1032.5,59.0,0.3002987822,13,3,1,2,4,0,0,0
6049038,Cointrin,,2080,46.22581,6.10666,1.5,Avenue Louis-Casai 80,32,1216,1386.6666666667,65.0,0.3498393576,14,2,5,1,0,1,0,0
6077924,Genève,190.0,2080,46.19808,6.16346,3.5,Rue Gustave-Muller-Brun 4,63,1208,594.2857142857,33.0158730159,-0.10993872510000001,15,5,4,2,2,0,0,0
4300560,Genève,165.0,2090,46.19429,6.14703,1.0,Rue Goetz-Monin 24,25,1205,2090.0,83.6,0.4562742809,27,3,1,0,4,3,1,0
5705707,Cointrin,165.0,2090,46.22581,6.10666,1.5,Avenue Louis-Casai 80,28,1216,1393.3333333333,74.6428571429,0.41199252080000004,14,2,5,1,0,1,0,0
5945114,Genève,240.0,2090,46.19715,6.16352,3.5,Avenue Théodore-Weber 36,62,1208,597.1428571429,33.7096774194,-0.0898674268,15,4,5,2,2,0,0,0
5860725,Genève,,2100,46.21377,6.14543,1.0,Rue de Lausanne 47 bis,26,1201,2100.0,80.76923076919999,0.4441731528,29,1,8,1,1,5,0,0
5996733,Genève,140.0,2190,46.20025,6.1284600000000005,3.5,4 quai des arenières,55,1205,625.7142857143,39.8181818182,0.0585043202,11,2,4,6,4,2,0,0
5761237,Genève,250.0,2200,46.21175,6.13433,3.0,Rue de la Servette 44,62,1202,733.3333333333,35.4838709677,-0.0353740555,14,4,3,5,2,2,0,0
6000455,Le Grand-Saconnex,,2200,46.2349,6.12468,3.5,Route de Colovrex 7,79,1218,628.5714285714,27.8481012658,-0.2737575306,8,0,4,2,0,2,0,0
6008791,Genève,,2200,46.21665,6.13672,3.5,,65,1202,628.5714285714,33.8461538462,-0.0774417276,6,0,5,2,0,1,0,0
6075921,Genève,,2200,46.223,6.12479,3.5,chemin Colladon 10,60,1209,628.5714285714,36.6666666667,-0.0073289408,5,0,0,2,0,0,0,0
6020739,Genève,257.0,2212,46.20792,6.12739,3.5,Place des Charmilles 3,70,1203,632.0,31.6,-0.14132908300000002,17,9,1,3,1,0,0,0
5883672,Genève,140.0,2240,46.19645,6.14239,3.5,Rue Vignier 5,41,1205,640.0,54.6341463415,0.2723300125,49,3,1,4,9,14,1,0
6012854,Genève,140.0,2240,46.2088,6.12668,3.5,Avenue Wendt 3,55,1203,640.0,40.7272727273,0.0795198488,15,6,0,3,0,0,0,0
6042782,Onex,255.0,2250,46.19215,6.10466,4.0,Av. des Grandes-Communes 25,65,1213,562.5,34.615384615400004,-0.0534985781,2,1,1,0,0,0,0,0
6064794,Genève,250.0,2250,46.21294,6.1492,3.0,Rue de Bâle 16,43,1201,750.0,52.3255813953,0.2481422114,27,1,9,6,1,6,1,0
6043423,Genève,180.0,2280,46.18967,6.14592,4.0,Rue des Peupliers 24 bis,68,1205,570.0,33.5294117647,-0.0802283681,10,3,2,1,1,1,0,0
5848749,Châtelaine,240.0,2290,46.21055,6.1122,4.0,Avenue de Châtelaine 85,71,1219,572.5,32.2535211268,-0.1159255711,3,2,0,1,1,0,0,0
5886082,Genève,145.0,2345,46.21413,6.14581,3.0,RUE DE LAUSANNE 49,63,1201,781.6666666667,37.2222222222,0.015491450600000001,28,1,8,2,1,4,0,0
6006645,Les Acacias,,2380,46.19151,6.13842,3.0,Rue Caroline 8,59,1227,793.3333333333,40.3389830508,0.0818176288,16,4,1,4,2,3,0,0
5876483,Les Acacias,,2381,46.19151,6.13842,3.0,Rue Caroline 8,66,1227,793.6666666667,36.0757575758,-0.0084928294,16,4,1,4,2,3,0,0
5936754,Genève,250.0,2390,46.21521,6.1323,3.5,Rue du Grand-Pré 53,67,1202,682.8571428571,35.671641791,-0.0176029511,11,3,4,3,0,1,0,0
5976147,Genève,250.0,2390,46.21521,6.1323,3.5,Rue du Grand-Pré 53,65,1202,682.8571428571,36.7692307692,0.0082126357,11,3,4,3,0,1,0,0
5937838,Genève,,2400,46.21665,6.13672,4.0,,80,1202,600.0,30.0,-0.1804650806,6,0,5,2,0,1,0,0
6071274,Genève,230.0,2430,46.21385,6.13119,4.5,Rue des Asters 8,85,1202,540.0,28.5882352941,-0.2293680348,9,4,3,2,0,1,0,0
6049037,Cointrin,,2450,46.22581,6.10666,2.5,Avenue Louis-Casai 80,62,1216,980.0,39.5161290323,0.07027635830000001,14,2,5,1,0,1,0,0
6038723,Genève,370.0,2470,46.21318,6.12958,5.5,Avenue Wendt 60,81,1203,449.0909090909,30.4938271605,-0.15950033190000001,11,5,3,1,1,1,0,0
5330181,Genève,165.0,2495,46.20201,6.14442,3.5,Place du Grand-Mezel 10,65,1204,712.8571428571,38.384615384599996,0.049951182100000005,52,15,4,10,3,14,2,0
5860703,Genève,,2500,46.21377,6.14543,1.0,Rue de Lausanne 47 bis,30,1201,2500.0,83.3333333333,0.4837460464,29,1,8,1,1,5,0,0
5860735,Genève,,2500,46.21377,6.14543,1.0,Rue de Lausanne 47 bis,34,1201,2500.0,73.5294117647,0.43438664450000003,29,1,8,1,1,5,0,0
5705714,Cointrin,165.0,2550,46.22581,6.10666,1.5,Avenue Louis-Casai 80,32,1216,1700.0,79.6875,0.46967288770000004,14,2,5,1,0,1,0,0
6063163,Veyrier,200.0,2550,46.16732,6.17884,3.0,,55,1255,850.0,46.3636363636,0.19142135740000002,3,0,0,0,1,0,0,0
5705715,Genève,165.0,2570,46.19057,6.14544,1.5,Boulevard de la Cluse 35,24,1205,1713.3333333333,107.0833333333,0.5698299118,10,1,1,0,3,0,0,0
6069291,Genève,370.0,2570,46.21606,6.13397,4.0,Rue Chandieu 5,72,1202,642.5,35.6944444444,-0.006349877,11,2,4,3,0,1,0,0
5794281,Genève,150.0,2600,46.20368,6.14055,2.0,Rue du Stand 53,66,1204,1300.0,39.3939393939,0.07645329740000001,43,6,3,4,6,14,0,0
6022155,Genève,,2600,46.21665,6.13672,4.5,,85,1202,577.7777777778,30.5882352941,-0.1489862786,6,0,5,2,0,1,0,0
6071272,Genève,252.0,2602,46.21385,6.13119,5.5,Rue des Asters 8,101,1202,473.0909090909,25.7623762376,-0.3378010544,9,4,3,2,0,1,0,0
6071138,Plan-les-Ouates,140.0,2640,46.16806,6.12412,4.0,Chemin de la Milice 10,68,1228,660.0,38.8235294118,0.06707550030000001,3,2,2,2,0,0,0,0
4300561,Genève,165.0,2650,46.19429,6.14703,2.0,Rue Goetz-Monin 24,35,1205,1325.0,75.7142857143,0.4547611265,27,3,1,0,4,3,1,0
5705712,Genève,165.0,2650,46.19057,6.14544,1.5,Boulevard de la Cluse 35,32,1205,1766.6666666667,82.8125,0.4896852316,10,1,1,0,3,0,0,0
5998798,Genève,150.0,2650,46.19708,6.16142,2.5,40 route de malagnou,50,1208,1060.0,53.0,0.28014060090000004,23,6,3,2,2,1,0,0
6045343,Genève,250.0,2650,46.1936,6.14657,3.0,Rue Jean-Violette 30,74,1205,883.3333333333,35.8108108108,0.0007477599000000001,27,3,1,0,3,3,1,0
5994360,Genève,160.0,2660,46.19747,6.14345,4.0,Boulevard des Philosophes 2,72,1205,665.0,36.9444444444,0.0276995549,56,6,1,7,12,17,1,0
6076373,Carouge GE,480.0,2711,46.1877,6.13328,4.0,Rue du Léopard 5,72,1227,677.75,37.6527777778,0.0459907104,15,7,3,1,2,1,0,0
5860726,Genève,,2750,46.21377,6.14543,1.0,Rue de Lausanne 47 bis,33,1201,2750.0,83.3333333333,0.4970240864,29,1,8,1,1,5,0,0
5951206,Genève,400.0,2750,46.20923,6.13818,4.5,Rue de Lyon 8,78,1201,611.1111111111,35.2564102564,-0.0077879786,39,7,7,6,3,12,0,0
5376151,Genève,350.0,2760,46.19209,6.14298,4.0,Rue Dancet 35,83,1205,690.0,33.2530120482,-0.0600235768,25,2,2,0,3,4,1,0
6055939,Genève,180.0,2780,46.19747,6.14345,4.0,Boulevard des Philosophes 2,69,1205,695.0,40.2898550725,0.1029603218,56,6,1,7,12,17,1,0
6016726,Genève,200.0,2800,46.21383,6.12585,4.0,Rue Liotard 69-71,83,1203,700.0,33.734939759,-0.0448803829,8,4,0,0,1,1,0,0
6031904,Genève,150.0,2800,46.19523,6.15391,3.5,Rue Marignac,80,1206,800.0,35.0,-0.011827212,21,3,3,1,2,1,0,0
6057840,Genève,,2800,46.22127,6.12376,3.5,,70,1209,800.0,40.0,0.0983500244,5,0,0,1,0,0,0,0
6029868,Genève,175.0,2814,46.19766,6.15811,3.5,Rue de Contamines 1,66,1206,804.0,42.6363636364,0.1466874816,23,2,2,2,1,0,0,0
6016451,Genève,220.0,2820,46.20092,6.15736,4.0,Rue de la Terrassière 13,83,1207,705.0,33.9759036145,-0.0374698837,33,4,0,1,3,6,0,0
6034649,Vernier,355.0,2835,46.21613,6.08936,5.5,Chemin de l'Esplanade 18,103,1214,515.4545454545,27.5242718447,-0.2496146723,2,3,0,0,0,0,0,0
6066229,Genève,30.0,2880,46.19334,6.14594,4.0,Rue Cingria,97,1205,720.0,29.6907216495,-0.1658193885,25,1,1,0,3,3,1,0
5936541,Genève,,2940,46.19155,6.15629,3.5,,64,1206,840.0,45.9375,0.20424415840000001,8,4,3,2,0,0,0,0
6010611,Genève,,2950,46.20301,6.15787,2.0,Rue de la Mairie 6,32,1207,1475.0,92.1875,0.5415816487,34,3,2,2,2,7,0,0
6074824,Genève,,2950,46.20976,6.14364,3.0,,80,1200,983.3333333333,36.875,0.0396216293,56,5,16,5,2,12,1,0
4659543,Genève,,2970,46.20301,6.15787,2.0,Rue de la Mairie 6,32,1207,1485.0,92.8125,0.544668641,34,3,2,2,2,7,0,0
5729047,Genève,125.0,2975,46.19803,6.16389,3.5,rue Gustave-Muller-Brun 0,84,1208,850.0,35.4166666667,0.006213546800000001,12,4,2,2,1,0,0,0
5987288,Genève,270.0,2980,46.20106,6.13172,5.0,Rue David-Dufour 4,75,1205,596.0,39.7333333333,0.1010509857,11,1,1,1,5,4,0,0
5764236,Genève,290.0,2990,46.19715,6.16352,4.0,Avenue Théodore-Weber 36,80,1208,747.5,37.375,0.0524695005,15,4,5,2,2,0,0,0
6050087,Genève,,2990,46.19853,6.1671,3.0,,62,1208,996.6666666667,48.2258064516,0.2381863137,5,2,2,0,0,0,0,0
6068729,Genève,110.0,2990,46.19736,6.14329,4.0,rue de carouge 0,65,1205,747.5,46.0,0.2072335115,57,6,1,7,12,16,1,0
6071352,Genève,,2990,46.19853,6.1671,3.0,sur demande,63,1208,996.6666666667,47.4603174603,0.227868713,5,2,2,0,0,0,0,0
5860707,Genève,,3000,46.21377,6.14543,2.5,Rue de Lausanne 47 bis,44,1201,1200.0,68.1818181818,0.42582344980000003,29,1,8,1,1,5,0,0
5903718,Genève,,3000,46.20673,6.1348,4.0,Rue Samuel Constant 1,75,1201,750.0,40.0,0.1070439791,18,3,4,2,5,2,0,0
6071109,Genève,,3000,46.20323,6.14092,3.0,Rue Jean-Petitot 7,60,1204,1000.0,50.0,0.26129211010000003,40,7,2,5,6,13,0,0
6073858,Genève,200.0,3000,46.19155,6.15629,2.5,,52,1206,1200.0,57.6923076923,0.34355778000000003,8,4,3,2,0,0,0,0
6008790,Genève,,3010,46.20819,6.12309,5.0,,100,1203,602.0,30.1,-0.14621552070000002,11,8,1,2,1,0,0,0
5997698,Grand-Lancy,220.0,3020,46.17767,6.12051,7.0,,125,1212,431.4285714286,24.16,-0.39779780540000004,2,3,2,1,0,0,0,0
5705710,Cointrin,185.0,3120,46.22581,6.10666,2.5,Avenue Louis-Casai 80,62,1216,1248.0,50.3225806452,0.2699285506,14,2,5,1,0,1,0,0
6026244,Genève,120.0,3120,46.20367,6.15936,3.5,Rue du XXXI Décembre 24,60,1207,891.4285714286,52.0,0.28970395200000004,30,3,1,2,1,6,0,0
5700901,Genève,,3150,46.20257,6.16102,3.0,Rue du Nant,42,1207,1050.0,75.0,0.4727522545,29,2,2,1,3,5,0,0
5895120,Chêne-Bourg,350.0,3150,46.1964,6.19971,4.0,Chemin de la Gravière 5,105,1225,787.5,30.0,-0.1442402693,6,8,3,1,0,0,1,0
6070386,Genève,345.0,3160,46.22178,6.13402,4.0,Chemin de la Rochette 11,98,1202,790.0,32.2448979592,-0.07228147630000001,8,4,1,4,2,0,0,0
5937839,Vandoeuvres,210.0,3180,46.2166,6.20262,6.0,,93,1253,530.0,34.1935483871,-0.017031866,0,0,1,0,0,0,0,0
5379889,Genève,,3200,46.21665,6.13672,4.0,,72,1202,800.0,44.4444444444,0.191775255,6,0,5,2,0,1,0,0
5860721,Genève,,3200,46.21377,6.14543,3.0,Rue de Lausanne 47 bis,56,1201,1066.6666666667,57.1428571429,0.34602338600000004,29,1,8,1,1,5,0,0
5666249,Genève,410.0,3210,46.19723,6.15621,5.5,Rue de Beaumont 14,110,1206,583.6363636364,29.1818181818,-0.170904978,32,5,1,3,2,1,0,0
6006657,Genève,390.0,3220,46.22512,6.12444,5.0,Chemin Moïse-Duboule 45,122,1209,644.0,26.393442623,-0.2822361781,3,2,1,2,1,0,0,0
5840152,Genève,150.0,3250,46.21239,6.13003,4.0,Rue Henri-Veyrassat 3,90,1202,812.5,36.1111111111,0.0333500137,14,5,3,2,1,1,0,0
5941349,Genève,360.0,3260,46.2092,6.13798,4.5,Rue de Lyon 10,93,1201,724.4444444444,35.0537634409,0.0079259712,37,7,7,6,3,12,0,0
5700902,Genève,,3270,46.20301,6.15787,2.0,Rue de la Mairie 6,32,1207,1635.0,102.1875,0.5864421602000001,34,3,2,2,2,7,0,0
6074823,Genève,,3280,46.20976,6.14364,3.0,,75,1200,1093.3333333333,43.7333333333,0.1832719321,56,5,16,5,2,12,1,0
6036396,Genève,200.0,3300,46.201,6.16124,4.5,Avenue Pictet-de-Rochemont 19,74,1207,733.3333333333,44.5945945946,0.1975701708,23,1,2,0,3,4,0,0
6052503,Genève,180.0,3340,46.20433,6.11448,5.0,Av.d'Aire 93e,108,1203,668.0,30.9259259259,-0.1068580021,0,1,3,1,0,0,0,0
6033691,Genève,170.0,3370,46.20368,6.14054,3.5,Rue du Stand 53,75,1204,962.8571428571,44.9333333333,0.205083661,43,6,3,4,6,14,0,0
5851183,Genève,310.0,3375,46.19082,6.15054,4.5,Av.Beau-Séjour 21,87,1206,750.0,38.7931034483,0.09657375500000001,9,3,2,2,0,1,0,0
6069242,Genève,360.0,3380,46.20861,6.12781,5.0,Chemin Surinam 4,96,1203,676.0,35.2083333333,0.0157662093,17,6,0,3,2,0,0,0
6038912,Genève,240.0,3390,46.20767,6.13467,4.5,Rue des Delices 14,103,1203,753.3333333333,32.9126213592,-0.045031739200000004,22,3,5,5,7,8,0,0
6056607,Genève,100.0,3400,46.22,6.12244,3.0,Avenue Trembley 29,80,1209,1133.3333333333,42.5,0.1667305313,2,0,1,2,0,0,0,0
6058605,Onex,250.0,3400,46.18357,6.1023,4.0,,124,1213,850.0,27.4193548387,-0.23249992530000002,7,4,2,1,0,0,0,0
6065583,Genève,220.0,3420,46.18794,6.15982,5.0,Chemin de Beau-Soleil 5,105,1206,684.0,32.5714285714,-0.0539055112,1,0,2,2,2,0,0,0
6055938,Onex,250.0,3427,46.17912,6.10521,5.0,Bocage 4,101,1213,685.4,33.9306930693,-0.0157450667,0,0,0,1,0,0,0,0
5833394,Genève,330.0,3430,46.19723,6.15621,4.5,Rue De-BEAUMONT 14,100,1206,762.2222222222,34.3,-0.0058625998,32,5,1,3,2,1,0,0
6058617,Genève,180.0,3470,46.21505,6.13159,6.0,Rue des Asters 11,120,1202,578.3333333333,28.9166666667,-0.1720752857,10,2,4,3,1,1,0,0
5803804,Conches,,3500,46.19113,6.16777,2.0,Chemin du Velours 20a,52,1231,1750.0,67.3076923077,0.43733524,2,2,0,0,0,0,0,0
6006893,Genève,,3500,46.20047,6.12798,2.5,Quai des Arénières 10,70,1205,1400.0,50.0,0.2786800195,11,4,2,5,4,2,0,0
6038121,Genève,,3500,46.2214,6.1487,5.0,Avenue Blanc 48,86,1202,700.0,40.6976744186,0.137653157,5,0,4,7,2,1,0,0
6064507,Genève,,3500,46.20373,6.1565,4.0,RUE MUZY 11,85,1207,875.0,41.1764705882,0.1464673359,35,5,2,3,1,7,0,0
6071351,Le Grand-Saconnex,,3500,46.2308,6.12005,4.5,sur demande,110,1218,777.7777777778,31.8181818182,-0.0738871369,4,2,4,1,0,0,0,0
5888357,Genève,340.0,3609,46.20464,6.17193,4.5,Rte de Frontenex 88,87,1208,802.0,41.4827586207,0.1551500203,2,0,0,3,4,0,0,0
6064903,Genève,,3620,46.20976,6.14364,4.0,,117,1200,905.0,30.9401709402,-0.0979426416,56,5,16,5,2,12,1,0
5908832,Chêne-Bougeries,400.0,3650,46.190690000000004,6.18579,5.0,Route de Malagnou 237,138,1224,730.0,26.4492753623,-0.2664094555,1,0,0,0,1,0,0,0
5996229,Genève,150.0,3650,46.18874,6.15566,4.5,Rue Albert-Gos,100,1206,811.1111111111,36.5,0.054764735,4,1,3,3,1,0,0,0
6034650,Genève,400.0,3650,46.19347,6.1529,5.0,Av. de Champel 25,110,1206,730.0,33.1818181818,-0.0297547888,17,4,4,2,0,0,0,0
6068647,Genève,175.0,3675,46.22154,6.12556,3.5,Chemin des Crêts de Champel,87,1208,1050.0,42.2413793103,0.1703228362,5,0,0,3,0,0,0,0
6074822,Cologny,180.0,3680,46.21581,6.18949,4.0,Planta 75,113,1223,920.0,32.5663716814,-0.0465092005,0,1,0,0,0,0,0,0
6052471,Genève,180.0,3780,46.19155,6.15629,5.0,,106,1206,756.0,35.6603773585,0.0383051655,8,4,3,2,0,0,0,0
5353291,Genève,,3800,46.20174,6.14846,3.0,rue de l'Évêché 3,87,1204,1266.6666666667,43.6781609195,0.1976148482,34,16,2,12,2,11,1,0
6048059,Chambésy,,3800,46.24335,6.14055,3.0,,73,1292,1266.6666666667,52.0547945205,0.3112713657,4,0,1,0,0,0,0,0
6071350,Genève,,3800,46.19589,6.14108,5.0,sur demande,120,1205,760.0,31.6666666667,-0.0702898003,47,3,2,3,7,13,1,0
5705706,Genève,,3820,46.19057,6.14544,2.5,Boulevard de la Cluse 35,80,1205,1528.0,47.75,0.2583465462,10,1,1,0,3,0,0,0
4886824,Genève,250.0,3900,46.20225,6.1461500000000004,3.5,,90,1204,1114.2857142857,43.3333333333,0.19445834480000002,37,13,2,12,3,12,1,0
5839511,Genève,200.0,3900,46.20357,6.14392,3.0,rue de la Cité 0,88,1204,1300.0,44.3181818182,0.2102786659,52,14,8,9,3,13,1,0
5933619,Genève,200.0,3900,46.20652,6.14423,5.0,Rue ROUSSEAU 1,98,1201,780.0,39.7959183673,0.1311770603,52,13,11,8,2,13,1,0
5407156,Genève,430.0,3930,46.20326,6.13797,5.0,Rue du Stand 38,143,1204,786.0,27.4825174825,-0.2154306981,37,5,2,5,9,11,0,0
5065222,Genève,,3950,46.21361,6.15023,4.0,Jean Antoine Gautier 9,120,1201,987.5,32.9166666667,-0.0296458839,21,1,6,4,1,6,0,0
6050026,Genève,150.0,3950,46.22127,6.12376,5.5,,115,1209,718.1818181818,34.347826087,0.0094042759,5,0,0,1,0,0,0,0
5835100,Genève,200.0,3980,46.19155,6.15631,4.5,,102,1206,884.4444444444,39.0196078431,0.1176361885,8,4,3,2,0,0,0,0
5998357,Genève,240.0,3990,46.19523,6.15391,5.5,Rue Marignac,109,1206,725.4545454545,36.6055045872,0.0657254754,21,3,3,1,2,1,0,0
6042947,Genève,450.0,3990,46.1924,6.15429,6.0,Av. Dumas 2bis,125,1206,665.0,31.92,-0.057982298800000005,13,3,3,3,0,0,0,0
5928627,Genève,200.0,4000,46.20225,6.1461500000000004,4.0,,90,1204,1000.0,44.4444444444,0.2145968861,37,13,2,12,3,12,1,0
6044327,Le Grand-Saconnex,,3800,46.2308,6.12005,6.0,,161,1218,633.3333333333,23.602484472,-0.40314103030000004,4,2,4,1,0,0,0,0
5996943,Genève,450.0,4050,46.20428,6.12874,5.0,Rue de Saint-Jean 32a,111,1203,810.0,36.4864864865,0.0643321962,11,4,1,1,2,1,0,0
6033440,Genève,270.0,4070,46.19523,6.15391,6.5,Rue Marignac,128,1206,626.1538461538,31.796875,-0.0599258601,21,3,3,1,2,1,0,0
5956081,Genève,,4100,46.19853,6.1671,5.0,,129,1208,820.0,31.7829457364,-0.0596946041,5,2,2,0,0,0,0,0
5431439,Genève,350.0,4150,46.19062,6.15058,5.5,Avenue Beau-Séjour 23,148,1206,754.5454545455,28.0405405405,-0.18816645170000001,7,3,2,2,0,1,0,0
5282053,Genève,240.0,4200,46.20021,6.15414,5.0,Boulevard Helvétique 18,115,1207,840.0,36.5217391304,0.0683683071,50,13,1,6,3,9,1,0
5461148,Chambésy,120.0,4200,46.24335,6.14055,4.5,,105,1292,933.3333333333,40.0,0.141819798,4,0,1,0,0,0,0,0
6054760,Genève,450.0,4200,46.19723,6.1624,4.0,Route de Malagnou 37,90,1208,1050.0,46.6666666667,0.2519970344,20,6,3,2,2,0,0,0
6066224,Chêne-Bourg,240.0,4240,46.19721,6.19756,6.0,,142,1225,706.6666666667,29.8591549296,-0.11929080600000001,8,5,3,1,0,1,0,0
5700904,Genève,,4250,46.20257,6.16102,4.5,Rue du Nant,73,1207,944.4444444444,58.2191780822,0.3841955741,29,2,2,1,3,5,0,0
5944341,Genève,150.0,4250,46.19498,6.15967,4.0,Crespin 18,88,1206,1062.5,48.2954545455,0.2753145405,13,4,1,1,1,0,0,0
6072669,Genève,260.0,4260,46.2093,6.14375,5.0,Rue du Mont-Blanc 26,129,1201,852.0,33.023255814,-0.0198938678,55,5,15,7,2,15,1,0
6074889,Carouge GE,510.0,4310,46.18671,6.13439,5.0,Rue des Caroubiers 15,125,1227,862.0,34.48,0.020568591100000002,17,7,3,2,2,2,0,0
6034635,Genève,285.0,4320,46.19361,6.15508,6.0,Avenue Bertrand 5,134,1206,720.0,32.2388059701,-0.0414342611,14,4,4,2,0,0,0,0
5972362,Carouge GE,,4334,46.18254,6.14019,7.0,,166,1227,619.1428571429,26.1084337349,-0.2658477264,26,9,3,3,3,5,0,0
5841339,Cologny,200.0,4375,46.21375,6.18734,6.0,chemin de Planta 0,155,1223,729.1666666667,28.2258064516,-0.1764201504,1,2,0,1,1,0,0,0
6022717,Veyrier,,4400,46.17037,6.17982,5.0,Chemin du Trappeur 34,131,1255,880.0,33.5877862595,-0.0014652567,2,0,1,0,1,0,0,0
5895119,Chêne-Bourg,417.0,4417,46.19721,6.19756,5.0,,130,1225,883.4,33.9769230769,0.009373442800000001,8,5,3,1,0,1,0,0
5065603,Genève,,4450,46.21361,6.15023,5.5,Jean Antoine Gautier 9,156,1201,809.0909090909,28.5256410256,-0.1635253448,21,1,6,4,1,6,0,0
5884927,Carouge GE,250.0,4450,46.18588,6.13557,5.0,Rue Jacques-GROSSELIN 26,132,1227,890.0,33.7121212121,0.0028546617,22,6,2,2,2,1,0,0
5328182,Genève,240.0,4500,46.19803,6.16389,6.0,rue Gustave-Müller-Brun 0,165,1208,750.0,27.2727272727,-0.21229653780000002,12,4,2,2,1,0,0,0
5909077,Genève,442.0,4500,46.19719,6.14993,5.5,Boulevard Helvétique 6,120,1205,818.1818181818,37.5,0.0961997242,43,4,1,7,4,6,2,0
6034638,Carouge GE,550.0,4500,46.18671,6.13439,6.0,Rue des Caroubiers 15,153,1227,750.0,29.4117647059,-0.1300308679,17,7,3,2,2,2,0,0
6062690,Genève,,4500,46.21665,6.13672,4.5,,135,1202,1000.0,33.3333333333,-0.0066323631,6,0,5,2,0,1,0,0
6069353,Genève,,4500,46.19589,6.14108,4.0,,100,1205,1125.0,45.0,0.2333091739,47,3,2,3,7,13,1,0
6069398,Genève,,4500,46.19287,6.16549,4.0,Chemin RIEU 15,164,1208,1125.0,27.4390243902,-0.2054410653,8,3,2,1,0,0,0,0
6078565,Vernier,,4500,46.21293,6.08211,6.0,La Ruelle 10,130,1214,750.0,34.615384615400004,0.0276449993,1,3,0,0,0,0,0,0
5848270,Genève,500.0,4560,46.18997,6.16074,6.0,Av. Peschier 50,140,1206,760.0,32.5714285714,-0.027213545000000002,2,3,1,2,1,0,0,0
5860701,Carouge GE,260.0,4594,46.1887,6.13758,7.0,Rue des Mouettes 4,166,1227,656.2857142857,27.6746987952,-0.1942063661,23,5,3,2,1,1,0,0
5985501,Carouge GE,260.0,4594,46.18851,6.13845,7.0,Mouette,166,1227,656.2857142857,27.6746987952,-0.1942063661,23,5,3,3,2,4,0,0
6054907,Troinex,,4600,46.1637,6.14538,7.0,,130,1256,657.1428571429,35.384615384599996,0.048783151500000003,2,0,0,1,0,0,0,0
6071346,Plan-les-Ouates,,4600,46.16763,6.11883,6.0,sur demande,120,1228,766.6666666667,38.3333333333,0.1158475563,3,2,0,1,0,0,0,0
5700900,Genève,205.0,4620,46.20319,6.16279,4.5,Rue du Nant 30,73,1207,1026.6666666667,63.2876712329,0.4335132446,22,0,1,1,3,3,0,0
5997349,Cologny,250.0,4650,46.205,6.17538,4.0,Plateau de Frontenex 9,158,1223,1162.5,29.4303797468,-0.1267499003,1,2,1,1,1,0,1,0
6059627,Vessy,,4650,46.17194,6.15691,6.0,,220,1234,775.0,21.1363636364,-0.5380782496000001,1,1,0,0,0,0,0,0
5464262,Carouge GE,250.0,4675,46.1832,6.13964,7.0,rue Jacques-Dalphin 0,230,1227,667.8571428571,20.3260869565,-0.5958417374,27,9,3,4,3,6,0,0
5995941,Genève,225.0,4725,46.1964,6.15554,5.0,Route de Florissant 11,145,1206,945.0,32.5862068966,-0.0239877029,18,3,3,2,2,1,0,0
6069403,Genève,500.0,4747,46.20428,6.12874,6.0,Rue de Saint-Jean 32a,140,1203,791.1666666667,33.9071428571,0.013251787400000001,11,4,1,1,2,1,0,0
5871993,Chêne-Bougeries,250.0,4750,46.19995,6.18673,6.5,,180,1224,730.7692307692,26.3888888889,-0.245911329,1,1,0,0,0,0,1,1
6052413,Chêne-Bougeries,150.0,4750,46.20246,6.18407,8.5,Avenue des Cavaliers 13,175,1224,558.8235294118,27.1428571429,-0.21343803830000002,1,2,1,1,0,0,1,0
6072664,Genève,250.0,4750,46.19022,6.15078,6.0,Place Reverdin 2,140,1206,791.6666666667,33.9285714286,0.0138749968,5,2,2,2,0,0,0,0
6059594,Genève,,4800,46.20976,6.14364,4.5,,130,1200,1066.6666666667,36.9230769231,0.0884171868,56,5,16,5,2,12,1,0
5919102,Genève,260.0,4810,46.19766,6.15811,5.5,Rue des Contamines 1,134,1206,874.5454545455,35.8955223881,0.0646577946,23,2,2,2,1,0,0,0
5837233,Genève,230.0,4840,46.19729,6.16236,6.5,Rue Henri-Mussard 19,139,1208,744.6153846154,34.8201438849,0.038585921700000005,20,6,3,2,2,1,0,0
5860712,Genève,,4900,46.20225,6.14617,5.0,,104,1204,980.0,47.115384615400004,0.2707128118,37,13,2,12,3,12,1,0
5933562,Genève,250.0,4900,46.19155,6.15629,6.0,,156,1206,816.6666666667,31.4102564103,-0.0566709764,8,4,3,2,0,0,0,0
6020186,Veyrier,,4900,46.16531,6.17173,6.5,Chemin des Bois 73a,180,1255,753.8461538462,27.2222222222,-0.20777118630000002,0,2,0,0,0,0,0,0
6032670,Petit-Lancy,,4900,46.19603,6.121,6.0,Route de Saint-Georges 55 B,210,1213,816.6666666667,23.3333333333,-0.3966464487,1,1,2,2,0,0,0,0
6057945,Genève,,4900,46.22127,6.12376,5.5,,120,1209,890.9090909091,40.8333333333,0.1699793385,5,0,0,1,0,0,0,0
5897696,Genève,250.0,4950,46.21665,6.13672,6.0,,117,1202,825.0,42.3076923077,0.1970601288,6,0,5,2,0,1,0,0
6011327,Genève,,4950,46.2104,6.14859,2.5,Rue des Pâquis 14,75,1201,1980.0,66.0,0.4588145328,38,3,12,7,0,7,1,0
6038351,Genève,250.0,4950,46.21409,6.13414,6.0,Cramer 6,117,1202,825.0,42.3076923077,0.1970601288,11,3,3,1,0,1,0,0
6054164,Genève,250.0,4950,46.19155,6.15629,5.0,,110,1206,990.0,45.0,0.2406858628,8,4,3,2,0,0,0,0
5303906,Genève,,5000,46.21665,6.13672,4.5,,145,1202,1111.1111111111,34.4827586207,0.0323316208,6,0,5,2,0,1,0,0
5856780,Chambésy,625.0,5025,46.23444,6.14803,6.5,Ch. des Cornillons 82,149,1292,773.0769230769,33.7248322148,0.012588975,1,2,0,1,0,0,0,0
5433176,Chambésy,650.0,5050,46.23502,6.14838,6.5,Ch. des Cornillons 74,150,1292,776.9230769231,33.6666666667,0.0113683115,2,2,0,1,0,0,0,0
6006319,Grand-Lancy,250.0,5050,46.18026,6.12078,6.0,Chemin des Semailles 3a,170,1212,841.6666666667,29.7058823529,-0.11080842590000001,5,2,2,1,0,0,0,0
5854421,Chambésy,715.0,5115,46.23646,6.1479800000000004,6.5,Ch. des Cornillons 92,172,1292,786.9230769231,29.738372093,-0.10875499570000001,2,2,0,1,0,0,0,0
5888457,Genève,,5200,46.2066,6.14578,5.0,29 quai des bergues,123,1201,1040.0,42.2764227642,0.20006728470000001,51,15,13,9,1,10,1,0
6018597,Genève,350.0,5200,46.21139,6.14408,5.5,Rue de Lausanne 115,147,1200,945.4545454545,35.3741496599,0.0576843945,37,3,10,5,2,7,1,0
5615613,Chambésy,640.0,5258,46.23472,6.14833,6.5,Ch. des Cornillons 78,154,1292,808.9230769231,34.1428571429,0.027008647400000002,1,2,0,1,0,0,0,0
6018276,Genève,300.0,5300,46.22012,6.1294,7.0,Rue de Moillebeau 36,180,1209,757.1428571429,29.4444444444,-0.1166186439,7,0,1,5,0,0,0,0
5060914,Chambésy,740.0,5340,46.23514,6.14739,6.5,Ch. des Cornillons 104,154,1292,821.5384615385,34.6753246753,0.0419497132,2,2,0,1,0,0,0,0
6063168,Le Grand-Saconnex,,5400,46.2308,6.12005,5.0,,142,1218,1080.0,38.0281690141,0.1211494412,4,2,4,1,0,0,0,0
6042950,Genève,424.0,5424,46.1935,6.15339,6.5,Av. de Champel 35,159,1206,834.4615384615,34.1132075472,0.0283486979,17,3,4,2,0,0,0,0
6008445,Genève,350.0,5450,46.19155,6.15629,6.0,,162,1206,908.3333333333,33.6419753086,0.016002653000000002,8,4,3,2,0,0,0,0
5033781,Troinex,,5500,46.16308,6.13686,6.0,Route d'Annecy 88a,170,1256,916.6666666667,32.3529411765,-0.0199241002,0,0,0,2,0,0,0,0
5909178,Le Grand-Saconnex,,5500,46.23283,6.11437,6.0,22 Chemin des Préjins,190,1218,916.6666666667,28.9473684211,-0.132104559,6,2,7,0,2,0,0,0
6044630,Vandoeuvres,,5500,46.2166,6.20262,6.0,,124,1253,916.6666666667,44.3548387097,0.23809095530000002,0,0,1,0,0,0,0,0
6059607,Troinex,,5500,46.1637,6.14538,6.0,,170,1256,916.6666666667,32.3529411765,-0.0199241002,2,0,0,1,0,0,0,0
6067923,Vandoeuvres,,5500,46.2166,6.20262,6.0,,124,1253,916.6666666667,44.3548387097,0.23809095530000002,0,0,1,0,0,0,0,0
6053898,Veyrier,180.0,5523,46.17036,6.17984,6.0,Chemin du Trappeur 36,173,1255,920.5,31.9248554913,-0.0324337189,2,0,1,0,1,0,0,0
6029606,Veyrier,180.0,5530,46.17036,6.17984,6.0,Chemin du Trappeur 36,173,1255,921.6666666667,31.9653179191,-0.0311268408,2,0,1,0,1,0,0,0
6031459,Le Grand-Saconnex,200.0,5620,46.22715,6.124,5.0,Fins,137,1218,1124.0,41.0218978102,0.1829991305,2,5,3,1,1,0,0,0
6066523,Genève,200.0,5700,46.20633,6.1447,5.0,Quai des Bergues,125,1201,1140.0,45.6,0.2594123908,51,16,12,8,2,10,1,0
6016324,Chêne-Bougeries,250.0,5750,46.19998,6.18673,5.0,,181,1224,1150.0,31.7679558011,-0.0345962503,1,1,0,0,0,0,1,1
5860713,Carouge GE,270.0,5770,46.18247,6.13996,7.0,,156,1227,824.2857142857,36.9871794872,0.1026537636,27,9,3,3,3,5,0,0
6038117,Genève,300.0,5800,46.19301,6.154,7.0,Tour de Champel,222,1206,828.5714285714,26.1261261261,-0.2437522608,15,3,4,3,0,0,0,0
5431109,Genève,380.0,5900,46.20832,6.14732,6.0,Rue François-Bonivard 10,220,1201,983.3333333333,26.8181818182,-0.2122142136,46,10,13,8,1,13,1,0
5515027,Genève,300.0,5900,46.21913,6.12385,6.0,Chemin Gilbert Trolliet 3,233,1209,983.3333333333,25.321888412,-0.28018796630000004,2,0,1,1,0,0,0,0
5860710,Genève,,5900,46.20225,6.14617,5.0,,178,1204,1180.0,33.1460674157,0.0073932948,37,13,2,12,3,12,1,0
6059629,Veyrier,,5900,46.16732,6.17884,6.5,,170,1255,907.6923076923,34.7058823529,0.0492232965,3,0,0,0,1,0,0,0
5798361,Genève,,5950,46.19134,6.16617,6.0,Route de Florissant 85,156,1206,991.6666666667,38.141025641,0.1298003724,4,3,1,0,0,0,0,0
6063201,Chambésy,,5950,46.24335,6.14055,8.0,,178,1292,743.75,33.4269662921,0.0157345277,4,0,1,0,0,0,0,0
5712623,Genève,200.0,6000,46.19327,6.16138,4.0,Florissant,116,1206,1500.0,51.724137931,0.3427162106,7,4,1,1,0,0,0,0
6073861,Genève,300.0,6000,46.21665,6.13672,5.0,,160,1202,1200.0,37.5,0.1164856185,6,0,5,2,0,1,0,0
6076092,Genève,,6050,46.20976,6.14364,2.0,,50,1200,3025.0,121.0,0.6846896847,56,5,16,5,2,12,1,0
6030490,Vessy,,6200,46.17194,6.15691,8.0,,220,1234,775.0,28.1818181818,-0.15355868720000002,1,1,0,0,0,0,0,0
6071347,Vessy,,6200,46.17194,6.15691,7.5,sur demande,180,1234,826.6666666667,34.4444444444,0.0454711592,1,1,0,0,0,0,0,0
5989761,Chambésy,730.0,6230,46.23606,6.14764,7.5,Ch. des Cornillons 96,175,1292,830.6666666667,35.6,0.0748265358,2,2,0,1,0,0,0,0
5546623,Genève,250.0,6250,46.22035,6.13399,6.0,Colombettes,169,1202,1041.6666666667,36.9822485207,0.10740273210000001,8,4,3,5,2,1,0,0
6030544,Genève,,6250,46.2042,6.15533,6.5,Quai Gustave-Ador 2,180,1207,961.5384615385,34.7222222222,0.053107390000000004,36,14,2,3,1,7,0,0
6034637,Genève,305.0,6305,46.1957,6.15023,5.0,Rue Emile-Yung 1,117,1205,1261.0,53.8888888889,0.369618975,28,5,1,5,3,4,1,0
6052234,Genève,310.0,6310,46.21665,6.13672,7.0,,157,1202,901.4285714286,40.1910828025,0.1745582551,6,0,5,2,0,1,0,0
6064441,Genève,,6500,46.20373,6.14907,6.5,Rue du Rhône,173,1204,1000.0,37.5722543353,0.12274901090000001,47,17,7,11,1,13,1,0
6072966,Petit-Lancy,,6500,46.19123,6.11706,6.0,,185,1213,1083.3333333333,35.1351351351,0.0657958548,7,3,2,2,0,0,0,0
5786473,Vandoeuvres,,6700,46.2166,6.20262,8.0,,250,1253,837.5,26.8,-0.20560487260000002,0,0,1,0,0,0,0,0
6033439,Genève,250.0,6750,46.20105,6.15442,8.0,Bd Helvetique,203,1207,843.75,33.2512315271,0.0181303385,49,19,1,6,4,11,1,0
6029145,Chêne-Bourg,,6800,46.19441,6.19154,8.0,vieux bourg 10,300,1225,850.0,22.6666666667,-0.4147108759,10,5,3,1,0,1,0,0
5635145,Chambésy,,6880,46.243,6.14619,7.0,chambésy,160,1292,982.8571428571,43.0,0.22949327200000003,3,0,2,0,0,0,0,0
5860690,Chambésy,,6880,46.24335,6.14058,7.0,,157,1292,982.8571428571,43.821656051,0.2429451438,4,0,1,0,0,0,0,0
6063813,Genève,,7000,46.2042,6.15533,6.5,Quai Gustave-Ador 2,177,1207,1076.9230769231,39.5480225989,0.167781438,36,14,2,3,1,7,0,0
6029844,Genève,,7200,46.22127,6.12376,6.0,,165,1209,1200.0,43.6363636364,0.2423146639,5,0,0,1,0,0,0,0
6062946,Genève,,7200,46.22127,6.12376,5.0,,180,1209,1440.0,40.0,0.17804460930000002,5,0,0,1,0,0,0,0
6052436,Genève,300.0,7300,46.22127,6.12376,10.0,,230,1209,730.0,31.7391304348,-0.021994537300000002,5,0,0,1,0,0,0,0
5919134,Chambésy,750.0,7663,46.23514,6.14739,7.5,Ch. des Cornillons 104,179,1292,1021.7333333333,42.8100558659,0.2317331089,2,2,0,1,0,0,0,0
6033435,Conches,400.0,7800,46.18643,6.17566,8.0,,210,1231,975.0,37.1428571429,0.12261953860000001,1,0,1,1,1,0,0,0
5989760,Chambésy,835.0,7929,46.23615,6.14836,7.5,Ch. des Cornillons 68,200,1292,1057.2,39.645,0.1758013196,2,2,0,1,0,0,0,0
5565388,Genève,,8000,46.19155,6.15631,9.0,,260,1206,888.8888888889,30.7692307692,-0.0482561135,8,4,3,2,0,0,0,0
6077952,Genève,,8000,46.22206,6.13404,7.0,Chemin de la Rochette,210,1202,1142.8571428571,38.0952380952,0.1445540502,7,5,1,4,2,0,0,0
5768823,Chambésy,750.0,8256,46.23484,6.14715,7.5,Ch. des Cornillons 106,179,1292,1100.8,46.1229050279,0.2869150695,1,2,0,1,0,0,0,0
6022998,Genève,300.0,8500,46.19155,6.15629,7.0,Chemin,172,1206,1214.2857142857,49.4186046512,0.3327903761,8,4,3,2,0,0,0,0
5789093,Genève,,9500,46.20205,6.12992,6.0,Rue des Falaises 4,314,1205,1583.3333333333,30.2547770701,-0.0580977603,5,2,1,0,2,0,0,0
6071343,Genève,,9500,46.19589,6.14108,5.0,sur demande,314,1205,1900.0,30.2547770701,-0.0580977603,47,3,2,3,7,13,1,0
5865321,Genève,700.0,9900,46.20743,6.12131,7.0,Allée Pic-Pic 2,320,1203,1414.2857142857,30.9375,-0.0340430788,5,8,1,2,2,0,0,0
6016104,Petit-Lancy,,9900,46.19123,6.11706,10.0,,390,1213,990.0,25.3846153846,-0.2521717488,7,3,2,2,0,0,0,0
6052845,Onex,,9900,46.18329,6.10848,10.0,Chemin de la Genévrière 20c,400,1213,990.0,24.75,-0.2833329874,3,2,0,0,0,0,0,0
6059614,Genève,,9990,46.20976,6.14364,11.0,,380,1200,908.1818181818,26.2894736842,-0.21001041550000002,56,5,16,5,2,12,1,0
5971984,Genève,,10450,46.20225,6.1461500000000004,7.0,,275,1204,1492.8571428571,38.0,0.1532255214,37,13,2,12,3,12,1,0
5851657,Chambésy,1190.0,11190,46.23466,6.14717,9.0,Ch. des Cornillons 86,286,1292,1243.3333333333,39.1258741259,0.17889730210000002,1,2,0,1,0,0,0,0
6017750,Genève,350.0,12350,46.19786,6.1518,8.0,Rue François-Bellot 4,275,1206,1543.75,44.9090909091,0.2834985181,54,9,0,6,5,8,1,0
5888447,Genève,,14000,46.19711,6.15424,9.0,Boulevard des Tranchées 32,310,1206,1555.5555555556,45.1612903226,0.29081927020000004,29,6,0,4,2,2,0,0
5450615,Genève,500.0,16500,46.19155,6.15631,8.5,,300,1206,1941.1764705882,55.0,0.416967639,8,4,3,2,0,0,0,0
5868062,Conches,,18000,46.18643,6.17567,10.0,rue du,530,1231,1800.0,33.9622641509,0.0713640011,1,0,1,1,1,0,0,0
6075220,Genève,,18500,46.19728,6.16148,9.0,Route de Malagnou,340,1208,2055.5555555556,54.4117647059,0.41329627010000003,23,6,3,2,2,1,0,0
5995468,Genève,,600,46.22518,6.12312,1.0,Chemin du Champ-d'Anier 8,15,1209,600.0,40.0,-0.379817485,3,2,1,1,1,0,0,0
6067110,Châtelaine,,690,46.21308,6.1106,1.0,,12,1219,690.0,57.5,-0.0657124818,3,2,0,0,2,0,0,0
5640120,Carouge GE,,750,46.18254,6.14019,1.0,,12,1227,750.0,62.5,0.0195445168,26,9,3,3,3,5,0,0
5354945,Genève,,840,46.20351,6.16,1.0,31 rue du 31 Décembre,12,1207,840.0,70.0,0.12459331850000001,27,3,2,1,1,6,0,0
5864876,Plan-les-Ouates,,850,46.16583,6.13526,1.0,ch des serves 24,12,1228,850.0,70.8333333333,0.1348922207,0,0,0,1,0,0,0,0
6053426,Carouge GE,,850,46.18254,6.14019,1.0,,12,1227,850.0,70.8333333333,0.1348922207,26,9,3,3,3,5,0,0
6056677,Genève,,850,46.19941,6.17356,1.0,66 route de Chêne,22,1208,850.0,38.6363636364,-0.22804455810000002,2,0,0,1,0,1,0,0
6007683,Carouge GE,,1050,46.18595,6.14122,2.0,Filature 28,20,1227,525.0,52.5,0.0646298838,26,5,1,3,2,5,0,0
6064137,Onex,,1080,46.18357,6.1023,1.5,,32,1213,720.0,33.75,-0.2521612373,7,4,2,1,0,0,0,0
6073646,Genève,,1090,46.1953,6.14405,1.0,Boulevard du Pont-d'Arve  18,20,1205,1090.0,54.5,0.0989553927,42,3,1,3,4,10,1,0
6065395,Genève,,1105,46.1958,6.14762,2.0,Boulevard de la Tour,36,1205,552.5,30.6944444444,-0.3355046525,34,5,1,4,5,6,1,0
6073482,Genève,,1150,46.20055,6.16737,2.5,Rue de savoie,48,1207,460.0,23.9583333333,-0.6051549177000001,4,2,1,1,1,0,0,0
5422257,Plan-les-Ouates,,1180,46.16763,6.11883,1.0,,25,1228,1180.0,47.2,0.0369603789,3,2,0,1,0,0,0,0
6060379,Carouge GE,,1180,46.18127,6.14021,2.0,Jacques Dalphin 49,35,1227,590.0,33.7142857143,-0.2244771312,22,4,2,3,3,4,0,0
6041459,Genève,,1200,46.21326,6.12706,1.0,"59, rue Liotard",37,1203,1200.0,32.4324324324,-0.2554852227,9,4,0,1,1,1,0,0
6070210,Carouge GE,,1200,46.18254,6.14019,2.0,,33,1227,600.0,36.3636363636,-0.1526531354,26,9,3,3,3,5,0,0
6078350,Genève,,1200,46.21099,6.12759,3.0,Avenue Wendt,41,1203,400.0,29.2682926829,-0.35831731,14,7,1,3,1,0,0,0
6071851,Genève,,1220,46.21295,6.14779,1.0,Rue Du Mole,30,1201,1220.0,40.6666666667,-0.0578974458,30,2,11,5,1,6,0,0
5482762,Genève,,1250,46.19857,6.16708,1.0,,40,1208,1250.0,31.25,-0.2793049166,5,2,2,0,0,0,0,0
6049443,Genève,,1260,46.21258,6.1458,1.0,"Rue de la navigation, 29",23,1201,1260.0,54.7826086957,0.1470734123,34,3,13,3,2,7,0,0
6076842,Genève,,1275,46.21372,6.14608,2.0,Rue de Lausanne 44,34,1201,637.5,37.5,-0.109045795,27,1,8,5,1,4,0,0
6019532,Genève,,1280,46.20603,6.16204,2.0,Rue de l'indiennerie 3,37,1207,640.0,34.5945945946,-0.17701739630000002,35,1,2,7,3,5,0,0
5860398,Genève,,1300,46.20976,6.14364,2.0,,50,1201,650.0,26.0,-0.4674056983,56,5,16,5,2,12,1,0
6041849,Les Acacias,,1318,46.18975,6.13867,2.0,Rue Caroline 31,27,1227,659.0,48.8148148148,0.0909817866,22,5,3,3,1,2,0,0
6041517,Genève,,1320,46.21331,6.14829,2.0,Rue de Berne 60,40,1201,660.0,33.0,-0.21146298930000001,27,1,8,5,1,6,0,0
6058483,Carouge GE,,1340,46.18955,6.13469,2.0,Avenue industrielle,37,1227,670.0,36.2162162162,-0.12431512480000001,12,4,1,2,1,1,0,0
5909931,Genève,,1350,46.21438,6.1468,2.0,Rue du Prieuré 24,45,1202,675.0,30.0,-0.2987994643,25,1,6,2,1,3,0,0
6053421,Genève,,1350,46.2104,6.12859,1.5,Rue Lamartine,40,1203,900.0,33.75,-0.18454158950000002,18,7,1,3,2,0,0,0
6055564,Genève,,1390,46.20819,6.12309,1.0,,31,1203,1390.0,44.8387096774,0.0492917194,11,8,1,2,1,0,0,0
6062125,Le Grand-Saconnex,,1390,46.2308,6.12005,2.5,,31,1218,556.0,44.8387096774,0.0492917194,4,2,4,1,0,0,0,0
6067218,Carouge GE,,1413,46.18689,6.14089,3.0,rue du Pont-Neuf 9,60,1227,471.0,23.55,-0.5683819318000001,24,5,1,3,2,5,0,0
6030892,Genève,,1430,46.21331,6.14601,1.5,Rue du Môle 31,27,1201,953.3333333333,52.962962963,0.1621776187,30,2,9,4,1,4,0,0
5942098,Genève,,1450,46.21139,6.14631,2.0,24 Rue de Neuchatel,38,1201,725.0,38.1578947368,-0.0602978575,42,2,14,6,1,7,1,0
6065481,Genève,,1470,46.20819,6.12309,1.0,,46,1203,1470.0,31.9565217391,-0.21376115850000002,11,8,1,2,1,0,0,0
6070246,Genève,,1480,46.20976,6.14364,1.5,,30,1201,986.6666666667,49.3333333333,0.1279494028,56,5,16,5,2,12,1,0
6012162,Genève,,1500,46.21759,6.13662,1.0,Rue de Vermont,35,1202,1500.0,42.8571428571,0.036744656800000004,11,1,7,3,0,1,0,0
6045553,Genève,,1500,46.20105,6.15442,3.5,boulevard Helvétique,60,1207,428.5714285714,25.0,-0.4774157798,49,19,1,6,4,11,1,0
6057707,Veyrier,,1500,46.16655,6.17216,2.0,Chemin des Bois 46,36,1255,750.0,41.6666666667,0.0161782393,0,1,0,0,0,0,0,0
6062144,Genève,,1500,46.203,6.16018,2.5,,50,1207,600.0,30.0,-0.2717516052,28,3,2,1,1,5,0,0
6062275,Carouge GE,,1500,46.18254,6.14019,3.0,1227,59,1227,500.0,25.4237288136,-0.4568493623,26,9,3,3,3,5,0,0
6064253,Genève,,1500,46.20869,6.12862,1.5,Rue de Lyon,37,1203,1000.0,40.5405405405,-0.0043881782000000005,21,11,1,3,2,0,0,0
6071842,Genève,,1530,46.20186,6.14577,1.5,Grand-Rue,34,1204,1020.0,45.0,0.0757951708,38,15,3,11,3,11,1,0
6060249,Genève,,1550,46.22193,6.12927,2.0,55 rue de moillebeau,49,1209,775.0,31.6326530612,-0.2108243752,7,4,2,4,0,0,0,0
6076759,Genève,,1550,46.19786,6.1583,2.0,Route de Malagnou 14,55,1208,775.0,28.1818181818,-0.330242283,21,1,2,2,1,0,0,0
6060147,Genève,,1564,46.19853,6.1671,2.0,,43,1208,782.0,36.3720930233,-0.0816368442,5,2,2,0,0,0,0,0
5853847,Genève,,1575,46.20349,6.16059,2.0,Rue Maunoir,45,1207,787.5,35.0,-0.1132566837,27,2,2,1,1,5,0,0
6078485,Carouge GE,,1580,46.18254,6.14019,2.0,,35,1227,790.0,45.1428571429,0.0855170792,26,9,3,3,3,5,0,0
6062187,Genève,,1600,46.19312,6.14339,2.0,Rue Carouge,43,1205,800.0,37.2093023256,-0.057300015200000005,30,3,2,0,4,4,1,0
6067234,Genève,,1600,46.20819,6.12309,2.5,,40,1203,640.0,40.0,0.0005430339,11,8,1,2,1,0,0,0
6075669,Genève,,1610,46.21071,6.12833,3.0,Rue lamartine 17a,70,1203,536.6666666667,23.0,-0.568086914,16,7,1,3,1,0,0,0
6046687,Genève,,1625,46.20225,6.1461500000000004,2.0,,55,1204,812.5,29.5454545455,-0.2688464854,37,13,2,12,3,12,1,0
6043730,Genève,,1645,46.22425,6.12353,2.0,Chemin du Champ d'Anier 13,53,1209,822.5,31.0377358491,-0.2159126361,3,2,0,1,1,0,0,0
6058386,Carouge GE,,1665,46.18825,6.1343,2.0,Caroubiers 3,34,1227,832.5,48.9705882353,0.1507306975,17,9,3,2,2,1,0,0
6041657,Genève,,1690,46.19155,6.15629,2.0,,32,1206,845.0,52.8125,0.1998022862,8,4,3,2,0,0,0,0
6053510,Genève,,1690,46.21882,6.14256,1.5,La Voie Creuse 5 A,27,1202,1126.6666666667,62.5925925926,0.2910733696,10,3,3,0,2,1,0,0
6064224,Genève,,1690,46.20977,6.13804,2.0,46 rue de la Servette,43,1201,845.0,39.3023255814,-0.0009940973,32,6,6,5,3,8,0,0
6051710,Châtelaine,,1700,46.20856,6.11177,3.0,Rue Jean Simonet 2,45,1219,566.6666666667,37.7777777778,-0.0313995746,3,2,2,1,1,0,0,0
6057546,Chêne-Bourg,,1700,46.19593,6.19206,3.0,Avenue de Bel-Air 7,65,1225,566.6666666667,26.1538461538,-0.3943363533,9,4,3,1,0,1,0,0
6058561,Genève,,1700,46.19438,6.14775,2.0,Rue Micheli-Du-Crest 22,49,1205,850.0,34.693877551,-0.1039869303,28,3,1,0,3,2,1,0
6067150,Petit-Lancy,,1700,46.19123,6.11706,3.0,,40,1213,566.6666666667,42.5,0.0593346201,7,3,2,2,0,0,0,0
5959280,Genève,,1720,46.20976,6.14364,3.0,,45,1201,573.3333333333,38.2222222222,-0.019406556300000002,56,5,16,5,2,12,1,0
6041637,Genève,,1740,46.19853,6.1671,3.0,,60,1208,580.0,29.0,-0.2736342929,5,2,2,0,0,0,0,0
5625969,Genève,,1750,46.20585,6.1635,3.0,Rue de Soleure,65,1207,583.3333333333,26.9230769231,-0.35449817180000004,26,1,2,6,4,5,0,0
6068330,Genève,,1750,46.20264,6.15857,3.0,Rue de la Mairie,60,1207,583.3333333333,29.1666666667,-0.2663563827,33,3,1,1,2,7,0,0
6053559,Genève,,1770,46.21665,6.13672,3.0,,55,1202,590.0,32.1818181818,-0.1649014343,6,0,5,2,0,1,0,0
6056728,Genève,,1780,46.2027,6.1515,2.0,Rue de la Tour Maîtresse 6,56,1201,890.0,31.7857142857,-0.1756882949,36,13,2,7,1,9,1,0
5928438,Genève,,1800,46.18958,6.14433,3.0,"Rue de l,Aubepine 8",40,1205,600.0,45.0,0.11159380790000001,9,3,2,1,2,2,0,0
6067084,Genève,,1800,46.19589,6.14108,3.0,,60,1205,600.0,30.0,-0.2311798165,47,3,2,3,7,13,1,0
6075744,Genève,,1800,46.20771,6.14322,1.5,Rousseau 30,40,1201,1200.0,45.0,0.11159380790000001,53,12,11,7,1,15,1,0
6060188,Genève,,1825,46.21173,6.14681,2.0,Rue de Zürich,43,1201,912.5,42.4418604651,0.0730520414,34,2,15,6,2,7,1,0
6073669,Carouge GE,,1830,46.18136,6.14069,1.0,rue ancienne 56,54,1227,1830.0,33.8888888889,-0.1098502254,22,4,2,3,3,4,0,0
5840949,Genève,,1840,46.2093,6.1476,3.0,Place Bel Air,56,1201,613.3333333333,32.8571428571,-0.1373506331,45,4,14,5,1,9,1,0
5945509,Genève,,1850,46.20869,6.13829,2.0,rue du Jura 5,55,1201,925.0,33.6363636364,-0.1145273182,42,7,7,6,4,14,0,0
6051595,Les Acacias,,1865,46.19147,6.13502,3.0,,45,1227,621.6666666667,41.4444444444,0.0598502537,13,4,1,4,1,1,0,0
5674789,Le Lignon,,1900,46.20143,6.0941,3.0,"19, Avenue du Lignon",60,1219,633.3333333333,31.6666666667,-0.1663808788,1,2,0,0,1,0,0,0
5982055,Genève,,1900,46.20819,6.12309,3.0,,45,1203,633.3333333333,42.2222222222,0.0771688017,11,8,1,2,1,0,0,0
6053316,Genève,,1900,46.19589,6.14108,3.0,,50,1205,633.3333333333,38.0,-0.0040144251,47,3,2,3,7,13,1,0
6078236,Genève,,1900,46.18968,6.14216,3.0,Maladière 9,70,1205,633.3333333333,27.1428571429,-0.32874733240000004,17,5,2,3,1,4,0,0
6078337,Genève,,1900,46.20869,6.12862,3.0,Rue de Lyon,40,1203,633.3333333333,47.5,0.15835202850000002,21,11,1,3,2,0,0,0
6065366,Genève,,1920,46.21833,6.12284,2.0,Avenue du Bouchet 22,65,1209,960.0,29.538461538500002,-0.2345686462,1,0,2,2,0,0,0,0
6068519,Onex,,1925,46.18175,6.09887,3.5,Chemin de la Vi Longe 7a,77,1213,550.0,25.0,-0.4236713324,6,3,2,1,0,0,0,0
5910300,Chêne-Bourg,,1950,46.19503,6.19282,3.0,"Rue de Genève, 6",60,1225,650.0,32.5,-0.1364736768,10,5,3,1,0,1,0,0
6057675,Genève,,1950,46.20749,6.14217,2.0,Rue Cornavin,29,1201,975.0,67.2413793103,0.3539562781,54,12,10,7,1,16,0,0
5798756,Genève,,1970,46.20819,6.12309,4.5,,75,1203,437.7777777778,26.2666666667,-0.3598315038,11,8,1,2,1,0,0,0
6058452,Genève,,1980,46.20376,6.17327,2.5,Chemin Frank-Thomas 32,26,1208,792.0,76.1538461538,0.41048667720000004,2,0,1,1,3,0,0,0
6073381,Chêne-Bougeries,,1980,46.19681,6.18949,3.0,Rue de Chêne - Bougeries 10,52,1224,660.0,38.0769230769,0.0053905757000000006,8,2,1,1,0,1,0,0
6041608,Genève,,2000,46.2104,6.14931,2.5,Rue de Monthoux 10,43,1201,800.0,46.511627907,0.1541599878,34,3,11,6,0,6,1,0
6046634,Genève,,2000,46.203,6.16018,3.0,,60,1207,666.6666666667,33.3333333333,-0.1080618348,28,3,2,1,1,5,0,0
6070276,Carouge GE,,2000,46.18632,6.13325,3.0,Rue Alexandre-Gavard 28,50,1227,666.6666666667,40.0,0.0461862961,14,7,3,1,2,1,0,0
6076766,Genève,,2000,46.2033,6.14848,3.0,rue  neuve du Molard 8,50,1204,666.6666666667,40.0,0.0461862961,39,16,4,12,1,12,1,0
6047422,Genève,,2020,46.20122,6.13628,3.0,52 boulevard de Saint-Georges,50,1205,673.3333333333,40.4,0.055629996200000004,35,3,1,3,9,15,0,0
6056871,Les Acacias,,2060,46.19105,6.13749,3.0,"Rue Gustave Ravilliod, 3",50,1227,686.6666666667,41.2,0.07396727780000001,14,4,1,4,0,2,0,0
6078253,Genève,,2080,46.19808,6.16346,3.5,GUSTAVE MULLER BRUN 4,63,1208,594.2857142857,33.0158730159,-0.10993872510000001,15,5,4,2,2,0,0,0
5922225,Genève,,2100,46.19152,6.15527,2.0,Avenue Dumas 13,44,1206,1050.0,47.7272727273,0.1797477854,7,3,4,2,0,0,0,0
6063983,Genève,,2100,46.19575,6.14346,3.0,Rue de Carouge 25,70,1205,700.0,30.0,-0.2021999674,46,3,1,3,4,11,1,0
6033081,Vernier,,2111,46.21355,6.08089,5.0,,90,1214,422.2,23.4555555556,-0.4882105426,1,3,0,0,0,0,0,0
6078355,Genève,,2115,46.19589,6.14108,3.5,,90,1205,604.2857142857,23.5,-0.48539596,47,3,2,3,7,13,1,0
6037987,Genève,,2120,46.20723,6.1436,3.0,Rue Rousseau,42,1201,706.6666666667,50.4761904762,0.2165894348,51,13,10,10,1,14,1,0
6031386,Genève,,2130,46.19085,6.15513,2.0,"Avenue de Miremont, 13",35,1206,1065.0,60.8571428571,0.3216511667,5,2,4,1,0,0,0,0
6039847,Châtelaine,,2131,46.21272,6.11127,3.0,Chemin du Petit-Bois 12,69,1219,710.3333333333,30.884057971,-0.1702347749,3,2,0,0,1,0,0,0
6077668,Genève,,2140,46.19155,6.15629,3.5,,70,1206,611.4285714286,30.5714285714,-0.17972894,8,4,3,2,0,0,0,0
6075757,Genève,,2150,46.22127,6.12376,3.0,,68,1209,716.6666666667,31.6176470588,-0.14554450200000002,5,0,0,1,0,0,0,0
6076755,Petit-Lancy,,2150,46.18559,6.11345,3.5,Vieux chemin d'Onex,66,1213,614.2857142857,32.5757575758,-0.11684717530000001,6,3,1,2,0,0,0,0
6046692,Chêne-Bougeries,,2160,46.20184,6.17754,3.5,Chemin de Grange-Canal,65,1224,617.1428571429,33.2307692308,-0.0973943521,2,1,0,0,0,0,2,0
6064215,Genève,,2160,46.19219,6.1560500000000005,3.0,Avenue Peschier 14,60,1206,720.0,36.0,-0.0259831804,10,4,4,2,0,0,0,0
6046632,Chêne-Bougeries,,2180,46.19998,6.18673,3.5,,65,1224,622.8571428571,33.5384615385,-0.08732651400000001,1,1,0,0,0,0,1,1
6060281,Genève,,2190,46.21165,6.13457,3.0,Rue de la servette 42,65,1202,730.0,33.6923076923,-0.0823615528,13,4,3,5,2,2,0,0
5962712,Genève,,2200,46.19589,6.14108,6.0,,98,1205,366.6666666667,22.4489795918,-0.5401861204,47,3,2,3,7,13,1,0
6065467,Genève,,2200,46.20411,6.16635,2.0,36 Avenue William Favre,45,1206,1100.0,48.8888888889,0.20300941960000002,14,0,0,3,4,1,0,0
5967833,Genève,,2250,46.20387,6.15997,3.0,Rue Maunoir 12,60,1207,750.0,37.5,0.0150561468,27,3,2,1,1,6,0,0
5971064,Genève,,2250,46.19278,6.14365,3.0,Rue Dizerens 1,60,1205,750.0,37.5,0.0150561468,28,2,2,0,3,4,1,0
6062137,Le Grand-Saconnex,,2266,46.2308,6.12005,3.0,,60,1218,755.3333333333,37.7666666667,0.0220107371,4,2,4,1,0,0,0,0
6078239,Le Lignon,,2280,46.20313,6.09613,5.0,Avenue du Lignon,100,1219,456.0,22.8,-0.5132055778,3,1,0,1,0,0,0,0
6067118,Genève,,2300,46.20756,6.1288,3.5,"Rue des Charmilles, 30",75,1203,657.1428571429,30.6666666667,-0.16472524460000001,18,9,1,4,2,0,0,0
6071909,Genève,,2300,46.21201,6.12798,4.5,Avenue Wendt 46,80,1203,511.1111111111,28.75,-0.23178964940000002,12,5,1,2,1,1,0,0
6055445,Genève,,2350,46.20446,6.12998,4.5,Rue Beau-Site,55,1203,522.2222222222,42.7272727273,0.1226061537,8,4,0,0,4,0,0,0
6035356,Les Avanchets,,2360,46.21993,6.1082,4.5,Rue Carqueron,95,1220,524.4444444444,24.8421052632,-0.39655109590000004,8,8,3,0,2,0,0,0
6078453,Genève,,2390,46.18966,6.15637,3.0,Avenue Miremont,53,1206,796.6666666667,45.0943396226,0.1631061564,4,1,3,1,1,0,0,0
6035351,Genève,,2400,46.19155,6.14228,3.5,Rue des Battoirs,65,1205,685.7142857143,36.9230769231,0.012345083100000001,17,2,2,1,3,3,0,0
6057678,Genève,,2400,46.19155,6.14228,3.5,Rue des Battoirs,65,1205,685.7142857143,36.9230769231,0.012345083100000001,17,2,2,1,3,3,0,0
6070191,Le Grand-Saconnex,,2400,46.2308,6.12005,6.0,,117,1218,400.0,20.5128205128,-0.6560634844000001,4,2,4,1,0,0,0,0
6043937,Genève,,2440,46.19654,6.13702,4.5,Passage de la Radio 5,73,1205,542.2222222222,33.4246575342,-0.0726101681,47,4,3,9,4,14,1,0
6043947,Genève,,2440,46.19654,6.13702,4.5,Passage de la Radio 5,73,1205,542.2222222222,33.4246575342,-0.0726101681,47,4,3,9,4,14,1,0
5939104,Le Lignon,,2450,46.20409,6.09872,5.0,,90,1219,490.0,27.2222222222,-0.2822907981,3,0,0,1,0,0,0,0
6077683,Genève,,2450,46.2068,6.13451,3.0,Rue Samuel-Constant,60,1201,816.6666666667,40.8333333333,0.0954597267,19,3,3,2,5,1,0,0
6075725,Genève,,2470,46.19698,6.14549,3.0,Boulevard des Philosophes,60,1205,823.3333333333,41.1666666667,0.10278393940000001,47,4,2,9,6,10,1,0
6046638,Carouge GE,,2500,46.18571,6.14075,3.0,25 rue de la Filature,55,1227,833.3333333333,45.4545454545,0.1752497845,25,5,2,3,3,5,0,0
6058451,Genève,,2500,46.20976,6.14364,3.5,,55,1201,714.2857142857,45.4545454545,0.1752497845,56,5,16,5,2,12,1,0
6051790,Genève,,2550,46.20819,6.12309,3.5,,60,1203,728.5714285714,42.5,0.1309318942,11,8,1,2,1,0,0,0
6067692,Genève,,2600,46.20225,6.1461500000000004,2.5,,55,1204,1040.0,47.2727272727,0.20697094670000002,37,13,2,12,3,12,1,0
6070080,Genève,,2645,46.2131,6.1321,4.5,Rue de l'Orangerie 3,77,1202,587.7777777778,34.3506493506,-0.03613131,12,4,3,3,0,1,0,0
6042841,Les Avanchets,,2650,46.21993,6.1082,5.0,Rue Carqueron,93,1220,530.0,28.4946236559,-0.2204382393,8,8,3,0,2,0,0,0
6064081,Genève,,2700,46.21132,6.14854,2.0,Rue de Zurich 6,45,1201,1350.0,60.0,0.35060026790000004,34,2,12,6,1,5,1,0
5960896,Petit-Lancy,,2722,46.19193,6.11917,5.0,Chemin des Troënes,100,1213,544.4,27.22,-0.2674903444,7,3,2,1,0,0,0,0
6037854,Chêne-Bourg,,2730,46.19721,6.19756,5.0,,98,1225,546.0,27.8571428571,-0.24117562820000002,8,5,3,1,0,1,0,0
6077620,Genève,,2760,46.20992,6.13445,3.5,Tronchin,70,1202,788.5714285714,39.4285714286,0.0852826335,15,3,3,3,2,2,0,0
6077661,Genève,,2794,46.20971,6.13486,5.5,Rue de la prairie 15,105,1202,508.0,26.6095238095,-0.290034663,15,3,2,3,2,3,0,0
6051815,Genève,,2800,46.20639,6.16107,2.5,Rue du Premier-Juin,50,1207,1120.0,56.0,0.3187044972,37,0,1,6,2,5,0,0
6046698,Carouge GE,,2830,46.19115,6.13953,5.0,QUAI DU CHEVAL BLANC 15,100,1227,566.0,28.3,-0.21911968810000002,20,3,3,2,3,2,0,0
6025475,Chêne-Bourg,,2940,46.19279,6.19537,4.5,av du petit Senn,95,1225,653.3333333333,30.9473684211,-0.1210410158,8,7,2,2,1,1,0,0
6043870,Genève,,2950,46.1894,6.15457,3.5,chemin kermely 12,84,1206,842.8571428571,35.119047619,-0.0022083723,4,1,3,1,1,0,0,0
6060177,Genève,,2970,46.20955,6.1458,4.5,Rue des Alpes,144,1201,660.0,20.625,-0.6186842659,51,5,14,6,2,10,1,0
6072057,Chêne-Bougeries,,2987,46.20296,6.1857,5.0,Place de l'Etrier 4,101,1224,597.4,29.5742574257,-0.1653693818,1,2,0,1,0,0,1,0
6053376,Genève,,3000,46.21132,6.14854,3.0,Rue de Zurich 6,70,1201,1000.0,42.8571428571,0.15846002280000002,34,2,12,6,1,5,1,0
6064007,Genève,,3000,46.19683,6.15591,3.0,Rue des Contamines 16,99,1206,1000.0,30.303030303,-0.1397530304,27,6,0,3,2,1,0,0
6060189,Genève,,3185,46.20822,6.12429,5.0,"Promenade de l'Europe, 9",97,1203,637.0,32.8350515464,-0.0541789133,12,9,1,3,1,0,0,0
6072008,Genève,,3230,46.20032,6.15348,3.5,Boulevard Helvetique 15,95,1207,922.8571428571,34.0,-0.020390274400000002,53,21,2,6,5,8,1,0
6003230,Thônex,,3380,46.19133,6.20117,5.0,Adrien-Jeandin 16,113,1226,676.0,29.9115044248,-0.1393946325,3,6,5,2,0,0,0,0
6047601,Thônex,,3380,46.19133,6.20117,5.0,Avenue Adrien-Jeandin 16,113,1226,676.0,29.9115044248,-0.1393946325,3,6,5,2,0,0,0,0
6033183,Genève,,3400,46.20819,6.12309,5.0,,100,1203,680.0,34.0,-0.014737858000000001,11,8,1,2,1,0,0,0
6035254,Genève,,3400,46.21173,6.14681,5.0,rue de ZURICH,100,1201,680.0,34.0,-0.014737858000000001,34,2,15,6,2,7,1,0
6049566,Genève,,3600,46.19589,6.14108,4.5,,100,1205,800.0,36.0,0.0416364674,47,3,2,3,7,13,1,0
6065332,Genève,,3600,46.19589,6.14108,5.5,,100,1205,654.5454545455,36.0,0.0416364674,47,3,2,3,7,13,1,0
6057713,Genève,,3613,46.21665,6.13672,6.5,,123,1202,555.8461538462,29.3739837398,-0.1513008912,6,0,5,2,0,1,0,0
6065493,Petit-Lancy,,3650,46.19326,6.11662,5.0,Petit Lancy,95,1213,730.0,38.4210526316,0.0970244969,3,2,1,0,0,0,0,0
6075608,Chêne-Bougeries,,3790,46.19998,6.18673,6.0,,150,1224,631.6666666667,25.2666666667,-0.3173060757,1,1,0,0,0,0,1,1
6057723,Genève,,3855,46.19222,6.14369,5.5,Rue de Carouge 76,132,1205,700.9090909091,29.2045454545,-0.15104974200000001,28,2,2,0,3,3,1,0
5948746,Genève,,3880,46.19155,6.15629,5.0,,100,1206,776.0,38.8,0.1107967223,8,4,3,2,0,0,0,0
6053338,Vandoeuvres,,4060,46.2166,6.20262,5.0,,115,1253,812.0,35.3043478261,0.0362430763,0,0,1,0,0,0,0,0
6065533,Genève,,4150,46.19155,6.15629,5.0,,100,1206,830.0,41.5,0.16864850180000002,8,4,3,2,0,0,0,0
6017511,Genève,,4200,46.19222,6.14369,5.5,Rue de Carouge 76,118,1205,763.6363636364,35.593220339,0.0463328598,28,2,2,0,3,3,1,0
6043796,Genève,,4200,46.20287,6.14677,4.5,Rue de la Rotisserie 17,85,1204,933.3333333333,49.4117647059,0.2887227799,33,15,4,11,3,12,1,0
6060322,Carouge GE,,4200,46.18186,6.1401,6.5,37 rue jacques dalphin,145,1227,646.1538461538,28.9655172414,-0.1519861657,24,7,2,3,3,5,0,0
5884141,Thônex,,4500,46.19503,6.20597,7.0,,170,1226,642.8571428571,26.4705882353,-0.2465739002,5,6,5,2,0,0,1,0
6055519,Genève,,4500,46.19523,6.15391,5.0,Rue Marignac,165,1206,900.0,27.2727272727,-0.21229653780000002,21,3,3,1,2,1,0,0
5964508,Vessy,,4650,46.17194,6.15691,7.0,,220,1234,664.2857142857,21.1363636364,-0.5380782496000001,1,1,0,0,0,0,0,0
6049461,Genève,,4670,46.20154,6.13998,6.0,Place du Cirque 3,128,1204,778.3333333333,36.484375,0.0762530512,34,6,3,6,7,14,0,0
6049522,Genève,,4800,46.203,6.16018,6.0,,150,1207,800.0,32.0,-0.0401229223,28,3,2,1,1,5,0,0
5663241,Genève,,4900,46.22262,6.12751,5.5,9 Avenue Trembley (Petit-Saconnex),120,1209,890.9090909091,40.8333333333,0.1699793385,7,4,1,4,0,0,0,0
6053494,Genève,,5000,46.18775,6.15488,4.5,Chemin des Crêts de Champel,107,1206,1111.1111111111,46.7289719626,0.2667887799,2,1,2,3,2,0,0,0
6043838,Cologny,,5400,46.20452,6.17491,5.5,Plateau de Frontenex 9d,150,1223,981.8181818182,36.0,0.07544629130000001,1,2,1,1,2,0,1,0
5920220,Genève,,5475,46.19707,6.15662,5.0,18 rue de Beaumont,105,1206,1095.0,52.1428571429,0.34166998200000004,29,6,2,3,2,1,0,0
6065371,Petit-Lancy,,6500,46.19326,6.11662,6.0,Petit Lancy,185,1213,1083.3333333333,35.1351351351,0.0657958548,3,2,1,0,0,0,0,0
6031328,Genève,,6940,46.19327,6.16137,7.0,Champel /Florissant,190,1206,991.4285714286,36.5263157895,0.1027989806,7,4,1,1,0,0,0,0
6049719,Genève,,7100,46.22127,6.12376,5.0,,180,1209,1420.0,39.4444444444,0.1664677728,5,0,0,1,0,0,0,0
5691176,Cologny,,7800,46.21874,6.18781,5.5,Cologny,178,1223,1418.1818181818,43.8202247191,0.2491821076,1,1,0,2,0,0,0,0
5802998,Genève,,9900,46.20819,6.12309,8.0,,320,1203,1237.5,30.9375,-0.0340430788,11,8,1,2,1,0,0,0
